program	rep	depth	noReads	percMutate	targMut	lenRef	refMatch	refSnp	refIns	refDel	refNs	matches	snp	ins	del	Ns	elpTime	sysTime	UserTime	memKb	percCPU	seed	usedSeed	medakaModel	usedMedaka	usedMajCon	minLen	minDepth	fastq	schemeDir	scheme	schemeVer	prefix	conDef	conScaffoldBuilder	conStich
artic	5	30	2790	0	0	1700 0 0  0  0 0	1700 0 0 0 127   26.81	3.16	26.38	384900	110%	1024	5120	r941_prom_high_g344	true	false	NA	NA	05-amplicon-reads	06-alt-schemes/06-schemes/	SARS-CoV-2	4.1.1500	09-benchmark/09-bench-all-2	true	false	false
buildCon	5	30	2790	0	0	1700 0 0  0  0 0	1700 0 0 0 424   0.45	0.12	0.57	8000	155%	1024	5120	r941_prom_high_g344	false	true	320	10			05-amplicon-reads	06-alt-schemes/06-schemes/	SARS-CoV-2	4.1.1500	09-benchmark/09-bench-all-2	false	false	true
buildCon	5	30	2790	0	0	1700 0 0  0  0 0	1700 0 0 0 424   183.72	31.02	177.87	399660	113%	1024	5120	r941_prom_high_g344	true	false	320	10	05-amplicon-reads	06-alt-schemes/06-schemes/	SARS-CoV-2	4.1.1500	09-benchmark/09-bench-all-2	false	false	true
Lilo	5	30	2790	0	0	1700 0 0  0  0 0	ERR	ERR	ERR	ERR	ERR   47.19	8.62	94.15	321956	217%	1024	5120	r941_prom_high_g344	true	false	NA	NA	05-amplicon-reads	06-alt-schemes/06-schemes/	SARS-CoV-2	4.1.1500	09-benchmark/09-bench-all-2	true	false	false
Lilo	5	30	2790	0	0	1700 0 0  0  0 0	ERR	ERR	ERR	ERR	ERR   47.19	8.62	94.15	321956	217%	1024	5120	r941_prom_high_g344	true	false	NA	NA	05-amplicon-reads	06-alt-schemes/06-schemes/	SARS-CoV-2	4.1.1500	09-benchmark/09-bench-all-2	false	true	false
Lilo	5	30	2790	0	0	1700 0 0  0  0 0	ERR	ERR	ERR	ERR	ERR   47.19	8.62	94.15	321956	217%	1024	5120	r941_prom_high_g344	true	false	NA	NA	05-amplicon-reads	06-alt-schemes/06-schemes/	SARS-CoV-2	4.1.1500	09-benchmark/09-bench-all-2	false	false	true
artic	5	30	2790	100	17	1700  1683 17 0 0 0	1700 0 0 0 127   27.22	3.11	26.84	387836	110%	1024	5120	r941_prom_high_g344	true	false	NA	NA	05-amplicon-reads	06-alt-schemes/06-schemes/	SARS-CoV-2	4.1.1500	09-benchmark/09-bench-all-2	true	false	false
buildCon	5	30	2790	100	17	1700  1683 17 0 0 0	1700 0 0 0 424   0.44	0.14	0.54	6588	154%	1024	5120	r941_prom_high_g344	false	true	320	10			05-amplicon-reads	06-alt-schemes/06-schemes/	SARS-CoV-2	4.1.1500	09-benchmark/09-bench-all-2	false	false	true
buildCon	5	30	2790	100	17	1700  1683 17 0 0 0	1700 0 0 0 424   183.15	30.62	177.71	400848	113%	1024	5120	r941_prom_high_g344	true	false	320	10	05-amplicon-reads	06-alt-schemes/06-schemes/	SARS-CoV-2	4.1.1500	09-benchmark/09-bench-all-2	false	false	true
Lilo	5	30	2790	100	17	1700  1683 17 0 0 0	ERR	ERR	ERR	ERR	ERR   47.21	8.45	94.48	321800	217%	1024	5120	r941_prom_high_g344	true	false	NA	NA	05-amplicon-reads	06-alt-schemes/06-schemes/	SARS-CoV-2	4.1.1500	09-benchmark/09-bench-all-2	true	false	false
Lilo	5	30	2790	100	17	1700  1683 17 0 0 0	ERR	ERR	ERR	ERR	ERR   47.21	8.45	94.48	321800	217%	1024	5120	r941_prom_high_g344	true	false	NA	NA	05-amplicon-reads	06-alt-schemes/06-schemes/	SARS-CoV-2	4.1.1500	09-benchmark/09-bench-all-2	false	true	false
Lilo	5	30	2790	100	17	1700  1683 17 0 0 0	ERR	ERR	ERR	ERR	ERR   47.21	8.45	94.48	321800	217%	1024	5120	r941_prom_high_g344	true	false	NA	NA	05-amplicon-reads	06-alt-schemes/06-schemes/	SARS-CoV-2	4.1.1500	09-benchmark/09-bench-all-2	false	false	true
artic	5	30	2790	200	34	1700  1666 34 0 0 0	1700 0 0 0 127   28.20	3.29	27.65	384628	109%	1024	5120	r941_prom_high_g344	true	false	NA	NA	05-amplicon-reads	06-alt-schemes/06-schemes/	SARS-CoV-2	4.1.1500	09-benchmark/09-bench-all-2	true	false	false
buildCon	5	30	2790	200	34	1700  1666 34 0 0 0	1700 0 0 0 159   0.42	0.12	0.53	9840	156%	1024	5120	r941_prom_high_g344	false	true	320	10			05-amplicon-reads	06-alt-schemes/06-schemes/	SARS-CoV-2	4.1.1500	09-benchmark/09-bench-all-2	false	false	true
buildCon	5	30	2790	200	34	1700  1666 34 0 0 0	1700 0 0 0 159   184.21	30.73	178.65	399784	113%	1024	5120	r941_prom_high_g344	true	false	320	10	05-amplicon-reads	06-alt-schemes/06-schemes/	SARS-CoV-2	4.1.1500	09-benchmark/09-bench-all-2	false	false	true
Lilo	5	30	2790	200	34	1700  1666 34 0 0 0	ERR	ERR	ERR	ERR	ERR   NA NA NA NA NA	1024	5120	r941_prom_high_g344	true	false	NA	NA	05-amplicon-reads	06-alt-schemes/06-schemes/	SARS-CoV-2	4.1.1500	09-benchmark/09-bench-all-2	true	false	false
Lilo	5	30	2790	200	34	1700  1666 34 0 0 0	ERR	ERR	ERR	ERR	ERR   NA NA NA NA NA	1024	5120	r941_prom_high_g344	true	false	NA	NA	05-amplicon-reads	06-alt-schemes/06-schemes/	SARS-CoV-2	4.1.1500	09-benchmark/09-bench-all-2	false	true	false
Lilo	5	30	2790	200	34	1700  1666 34 0 0 0	ERR	ERR	ERR	ERR	ERR   NA NA NA NA NA	1024	5120	r941_prom_high_g344	true	false	NA	NA	05-amplicon-reads	06-alt-schemes/06-schemes/	SARS-CoV-2	4.1.1500	09-benchmark/09-bench-all-2	false	false	true
artic	5	30	2790	500	85	1700  1615 85 0 0 0	ERR	ERR	ERR	ERR	ERR   NA NA NA NA NA	1024	5120	r941_prom_high_g344	true	false	NA	NA	05-amplicon-reads	06-alt-schemes/06-schemes/	SARS-CoV-2	4.1.1500	09-benchmark/09-bench-all-2	true	false	false
buildCon	5	30	2790	500	85	1700  1615 85 0 0 0	ERR	ERR	ERR	ERR	ERR   NA NA NA NA NA	1024	5120	r941_prom_high_g344	false	true	320	10			05-amplicon-reads	06-alt-schemes/06-schemes/	SARS-CoV-2	4.1.1500	09-benchmark/09-bench-all-2	false	false	true
buildCon	5	30	2790	500	85	1700  1615 85 0 0 0	ERR	ERR	ERR	ERR	ERR   NA NA NA NA NA	1024	5120	r941_prom_high_g344	true	false	320	10	05-amplicon-reads	06-alt-schemes/06-schemes/	SARS-CoV-2	4.1.1500	09-benchmark/09-bench-all-2	false	false	true
Lilo	5	30	2790	500	85	1700  1615 85 0 0 0	ERR	ERR	ERR	ERR	ERR   NA NA NA NA NA	1024	5120	r941_prom_high_g344	true	false	NA	NA	05-amplicon-reads	06-alt-schemes/06-schemes/	SARS-CoV-2	4.1.1500	09-benchmark/09-bench-all-2	true	false	false
Lilo	5	30	2790	500	85	1700  1615 85 0 0 0	ERR	ERR	ERR	ERR	ERR   NA NA NA NA NA	1024	5120	r941_prom_high_g344	true	false	NA	NA	05-amplicon-reads	06-alt-schemes/06-schemes/	SARS-CoV-2	4.1.1500	09-benchmark/09-bench-all-2	false	true	false
Lilo	5	30	2790	500	85	1700  1615 85 0 0 0	ERR	ERR	ERR	ERR	ERR   NA NA NA NA NA	1024	5120	r941_prom_high_g344	true	false	NA	NA	05-amplicon-reads	06-alt-schemes/06-schemes/	SARS-CoV-2	4.1.1500	09-benchmark/09-bench-all-2	false	false	true
buildCon	5	30	2790	0	0	1700 0 0  0  0 0	1700 0 0 0 424   180.54	30.47	175.20	399736	113%	1024	5120	r941_prom_high_g344	true	true	320	10	05-amplicon-reads	06-alt-schemes/06-schemes/	SARS-CoV-2	4.1.1500	09-benchmark/09-bench-all-2	false	false	true
buildCon	5	30	2790	100	17	1700  1683 17 0 0 0	1700 0 0 0 424   182.69	30.92	176.93	399548	113%	1024	5120	r941_prom_high_g344	true	true	320	10	05-amplicon-reads	06-alt-schemes/06-schemes/	SARS-CoV-2	4.1.1500	09-benchmark/09-bench-all-2	false	false	true
buildCon	5	30	2790	200	34	1700  1666 34 0 0 0	1700 0 0 0 159   181.36	30.46	176.04	400104	113%	1024	5120	r941_prom_high_g344	true	true	320	10	05-amplicon-reads	06-alt-schemes/06-schemes/	SARS-CoV-2	4.1.1500	09-benchmark/09-bench-all-2	false	false	true
buildCon	5	30	2790	500	85	1700  1615 85 0 0 0	1700 0 0 0 159   182.26	30.60	176.77	399756	113%	1024	5120	r941_prom_high_g344	true	true	320	10	05-amplicon-reads	06-alt-schemes/06-schemes/	SARS-CoV-2	4.1.1500	09-benchmark/09-bench-all-2	false	false	true
artic	5	30	2790	1000	170	1700  1534 163 3 3 0	1699 1 1 0 127   26.91	3.29	26.34	385420	110%	1024	5120	r941_prom_high_g344	true	false	NA	NA	05-amplicon-reads	06-alt-schemes/06-schemes/	SARS-CoV-2	4.1.1500	09-benchmark/09-bench-all-2	true	false	false
buildCon	5	30	2790	1000	170	1700  1534 163 3 3 0	1700 0 0 0 161   179.48	30.35	174.20	399900	113%	1024	5120	r941_prom_high_g344	true	true	320	10	05-amplicon-reads	06-alt-schemes/06-schemes/	SARS-CoV-2	4.1.1500	09-benchmark/09-bench-all-2	false	false	true
buildCon	5	30	2790	1000	170	1700  1534 163 3 3 0	1700 0 0 0 161   0.33	0.07	0.44	10084	154%	1024	5120	r941_prom_high_g344	false	true	320	10			05-amplicon-reads	06-alt-schemes/06-schemes/	SARS-CoV-2	4.1.1500	09-benchmark/09-bench-all-2	false	false	true
buildCon	5	30	2790	1000	170	1700  1534 163 3 3 0	1700 0 0 0 161   187.50	30.65	182.05	399196	113%	1024	5120	r941_prom_high_g344	true	false	320	10	05-amplicon-reads	06-alt-schemes/06-schemes/	SARS-CoV-2	4.1.1500	09-benchmark/09-bench-all-2	false	false	true
Lilo	5	30	2790	1000	170	1700  1534 163 3 3 0	ERR	ERR	ERR	ERR	ERR   47.08	8.84	93.56	322044	217%	1024	5120	r941_prom_high_g344	true	false	NA	NA	05-amplicon-reads	06-alt-schemes/06-schemes/	SARS-CoV-2	4.1.1500	09-benchmark/09-bench-all-2	true	false	false
Lilo	5	30	2790	1000	170	1700  1534 163 3 3 0	ERR	ERR	ERR	ERR	ERR   47.08	8.84	93.56	322044	217%	1024	5120	r941_prom_high_g344	true	false	NA	NA	05-amplicon-reads	06-alt-schemes/06-schemes/	SARS-CoV-2	4.1.1500	09-benchmark/09-bench-all-2	false	true	false
Lilo	5	30	2790	1000	170	1700  1534 163 3 3 0	ERR	ERR	ERR	ERR	ERR   47.08	8.84	93.56	322044	217%	1024	5120	r941_prom_high_g344	true	false	NA	NA	05-amplicon-reads	06-alt-schemes/06-schemes/	SARS-CoV-2	4.1.1500	09-benchmark/09-bench-all-2	false	false	true
artic	5	30	2790	0	0	5700 0 0  0  0 0	5700 0 0 0 960   44.40	3.28	43.88	387240	106%	1024	5120	r941_prom_high_g344	true	false	NA	NA	05-amplicon-reads	06-alt-schemes/06-schemes/	SARS-CoV-2	4.1.5000	09-benchmark/09-bench-all-2	true	false	false
buildCon	5	30	2790	0	0	5700 0 0  0  0 0	5700 0 0 0 2120   531.37	89.21	515.04	400500	113%	1024	5120	r941_prom_high_g344	true	true	320	10	05-amplicon-reads	06-alt-schemes/06-schemes/	SARS-CoV-2	4.1.5000	09-benchmark/09-bench-all-2	false	false	true
buildCon	5	30	2790	0	0	5700 0 0  0  0 0	5698 2 13 0 1762   1.07	0.33	1.37	11656	159%	1024	5120	r941_prom_high_g344	false	true	320	10			05-amplicon-reads	06-alt-schemes/06-schemes/	SARS-CoV-2	4.1.5000	09-benchmark/09-bench-all-2	false	false	true
buildCon	5	30	2790	0	0	5700 0 0  0  0 0	5700 0 0 0 2417   508.87	84.18	493.78	400272	113%	1024	5120	r941_prom_high_g344	true	false	320	10	05-amplicon-reads	06-alt-schemes/06-schemes/	SARS-CoV-2	4.1.5000	09-benchmark/09-bench-all-2	false	false	true
Lilo	5	30	2790	0	0	5700 0 0  0  0 0	ERR	ERR	ERR	ERR	ERR   50.37	9.61	102.97	321748	223%	1024	5120	r941_prom_high_g344	true	false	NA	NA	05-amplicon-reads	06-alt-schemes/06-schemes/	SARS-CoV-2	4.1.5000	09-benchmark/09-bench-all-2	true	false	false
Lilo	5	30	2790	0	0	5700 0 0  0  0 0	ERR	ERR	ERR	ERR	ERR   50.37	9.61	102.97	321748	223%	1024	5120	r941_prom_high_g344	true	false	NA	NA	05-amplicon-reads	06-alt-schemes/06-schemes/	SARS-CoV-2	4.1.5000	09-benchmark/09-bench-all-2	false	true	false
Lilo	5	30	2790	0	0	5700 0 0  0  0 0	ERR	ERR	ERR	ERR	ERR   50.37	9.61	102.97	321748	223%	1024	5120	r941_prom_high_g344	true	false	NA	NA	05-amplicon-reads	06-alt-schemes/06-schemes/	SARS-CoV-2	4.1.5000	09-benchmark/09-bench-all-2	false	false	true
artic	5	30	2790	100	57	5700  5643 57 0 0 0	5698 2 0 0 960   43.00	3.32	42.54	388528	106%	1024	5120	r941_prom_high_g344	true	false	NA	NA	05-amplicon-reads	06-alt-schemes/06-schemes/	SARS-CoV-2	4.1.5000	09-benchmark/09-bench-all-2	true	false	false
buildCon	5	30	2790	100	57	5700  5643 57 0 0 0	5700 0 1 0 2157   508.26	84.20	493.08	400368	113%	1024	5120	r941_prom_high_g344	true	true	320	10	05-amplicon-reads	06-alt-schemes/06-schemes/	SARS-CoV-2	4.1.5000	09-benchmark/09-bench-all-2	false	false	true
buildCon	5	30	2790	100	57	5700  5643 57 0 0 0	5699 1 13 0 2157   1.11	0.37	1.41	8844	160%	1024	5120	r941_prom_high_g344	false	true	320	10			05-amplicon-reads	06-alt-schemes/06-schemes/	SARS-CoV-2	4.1.5000	09-benchmark/09-bench-all-2	false	false	true
buildCon	5	30	2790	100	57	5700  5643 57 0 0 0	5700 0 1 0 1860   531.92	88.88	515.88	399940	113%	1024	5120	r941_prom_high_g344	true	false	320	10	05-amplicon-reads	06-alt-schemes/06-schemes/	SARS-CoV-2	4.1.5000	09-benchmark/09-bench-all-2	false	false	true
Lilo	5	30	2790	100	57	5700  5643 57 0 0 0	ERR	ERR	ERR	ERR	ERR   50.18	9.60	102.39	321988	223%	1024	5120	r941_prom_high_g344	true	false	NA	NA	05-amplicon-reads	06-alt-schemes/06-schemes/	SARS-CoV-2	4.1.5000	09-benchmark/09-bench-all-2	true	false	false
Lilo	5	30	2790	100	57	5700  5643 57 0 0 0	ERR	ERR	ERR	ERR	ERR   50.18	9.60	102.39	321988	223%	1024	5120	r941_prom_high_g344	true	false	NA	NA	05-amplicon-reads	06-alt-schemes/06-schemes/	SARS-CoV-2	4.1.5000	09-benchmark/09-bench-all-2	false	true	false
Lilo	5	30	2790	100	57	5700  5643 57 0 0 0	ERR	ERR	ERR	ERR	ERR   50.18	9.60	102.39	321988	223%	1024	5120	r941_prom_high_g344	true	false	NA	NA	05-amplicon-reads	06-alt-schemes/06-schemes/	SARS-CoV-2	4.1.5000	09-benchmark/09-bench-all-2	false	false	true
artic	5	30	2790	200	114	5700  5586 114 0 0 0	5698 2 0 0 960   46.14	3.29	45.79	388092	106%	1024	5120	r941_prom_high_g344	true	false	NA	NA	05-amplicon-reads	06-alt-schemes/06-schemes/	SARS-CoV-2	4.1.5000	09-benchmark/09-bench-all-2	true	false	false
buildCon	5	30	2790	200	114	5700  5586 114 0 0 0	5700 0 1 0 1862   530.48	88.36	514.98	400892	113%	1024	5120	r941_prom_high_g344	true	true	320	10	05-amplicon-reads	06-alt-schemes/06-schemes/	SARS-CoV-2	4.1.5000	09-benchmark/09-bench-all-2	false	false	true
buildCon	5	30	2790	200	114	5700  5586 114 0 0 0	5699 1 8 0 1805   1.10	0.35	1.42	11716	161%	1024	5120	r941_prom_high_g344	false	true	320	10			05-amplicon-reads	06-alt-schemes/06-schemes/	SARS-CoV-2	4.1.5000	09-benchmark/09-bench-all-2	false	false	true
buildCon	5	30	2790	200	114	5700  5586 114 0 0 0	5700 0 1 0 1862   532.07	88.73	515.65	400780	113%	1024	5120	r941_prom_high_g344	true	false	320	10	05-amplicon-reads	06-alt-schemes/06-schemes/	SARS-CoV-2	4.1.5000	09-benchmark/09-bench-all-2	false	false	true
Lilo	5	30	2790	200	114	5700  5586 114 0 0 0	ERR	ERR	ERR	ERR	ERR   50.23	9.41	102.82	320440	223%	1024	5120	r941_prom_high_g344	true	false	NA	NA	05-amplicon-reads	06-alt-schemes/06-schemes/	SARS-CoV-2	4.1.5000	09-benchmark/09-bench-all-2	true	false	false
Lilo	5	30	2790	200	114	5700  5586 114 0 0 0	ERR	ERR	ERR	ERR	ERR   50.23	9.41	102.82	320440	223%	1024	5120	r941_prom_high_g344	true	false	NA	NA	05-amplicon-reads	06-alt-schemes/06-schemes/	SARS-CoV-2	4.1.5000	09-benchmark/09-bench-all-2	false	true	false
Lilo	5	30	2790	200	114	5700  5586 114 0 0 0	ERR	ERR	ERR	ERR	ERR   50.23	9.41	102.82	320440	223%	1024	5120	r941_prom_high_g344	true	false	NA	NA	05-amplicon-reads	06-alt-schemes/06-schemes/	SARS-CoV-2	4.1.5000	09-benchmark/09-bench-all-2	false	false	true
artic	5	30	2790	500	285	5700  5415 285 0 0 0	5695 5 0 0 960   46.76	3.36	46.34	387580	106%	1024	5120	r941_prom_high_g344	true	false	NA	NA	05-amplicon-reads	06-alt-schemes/06-schemes/	SARS-CoV-2	4.1.5000	09-benchmark/09-bench-all-2	true	false	false
buildCon	5	30	2790	500	285	5700  5415 285 0 0 0	5700 0 0 0 2095   509.90	84.18	494.75	399996	113%	1024	5120	r941_prom_high_g344	true	true	320	10	05-amplicon-reads	06-alt-schemes/06-schemes/	SARS-CoV-2	4.1.5000	09-benchmark/09-bench-all-2	false	false	true
buildCon	5	30	2790	500	285	5700  5415 285 0 0 0	5700 0 8 0 1807   1.04	0.37	1.30	10852	160%	1024	5120	r941_prom_high_g344	false	true	320	10			05-amplicon-reads	06-alt-schemes/06-schemes/	SARS-CoV-2	4.1.5000	09-benchmark/09-bench-all-2	false	false	true
buildCon	5	30	2790	500	285	5700  5415 285 0 0 0	5700 0 0 0 1864   528.47	88.78	512.09	401456	113%	1024	5120	r941_prom_high_g344	true	false	320	10	05-amplicon-reads	06-alt-schemes/06-schemes/	SARS-CoV-2	4.1.5000	09-benchmark/09-bench-all-2	false	false	true
Lilo	5	30	2790	500	285	5700  5415 285 0 0 0	ERR	ERR	ERR	ERR	ERR   50.14	9.55	102.56	320456	223%	1024	5120	r941_prom_high_g344	true	false	NA	NA	05-amplicon-reads	06-alt-schemes/06-schemes/	SARS-CoV-2	4.1.5000	09-benchmark/09-bench-all-2	true	false	false
Lilo	5	30	2790	500	285	5700  5415 285 0 0 0	ERR	ERR	ERR	ERR	ERR   50.14	9.55	102.56	320456	223%	1024	5120	r941_prom_high_g344	true	false	NA	NA	05-amplicon-reads	06-alt-schemes/06-schemes/	SARS-CoV-2	4.1.5000	09-benchmark/09-bench-all-2	false	true	false
Lilo	5	30	2790	500	285	5700  5415 285 0 0 0	ERR	ERR	ERR	ERR	ERR   50.14	9.55	102.56	320456	223%	1024	5120	r941_prom_high_g344	true	false	NA	NA	05-amplicon-reads	06-alt-schemes/06-schemes/	SARS-CoV-2	4.1.5000	09-benchmark/09-bench-all-2	false	false	true
artic	5	30	2790	1000	570	5700  5132 567 1 1 0	5685 15 0 0 961   45.84	3.50	45.25	388940	106%	1024	5120	r941_prom_high_g344	true	false	NA	NA	05-amplicon-reads	06-alt-schemes/06-schemes/	SARS-CoV-2	4.1.5000	09-benchmark/09-bench-all-2	true	false	false
buildCon	5	30	2790	1000	570	5700  5132 567 1 1 0	5699 1 2 0 1248   586.90	99.15	568.28	400252	113%	1024	5120	r941_prom_high_g344	true	true	320	10	05-amplicon-reads	06-alt-schemes/06-schemes/	SARS-CoV-2	4.1.5000	09-benchmark/09-bench-all-2	false	false	true
buildCon	5	30	2790	1000	570	5700  5132 567 1 1 0	5700 0 7 0 1866   0.94	0.32	1.17	9940	159%	1024	5120	r941_prom_high_g344	false	true	320	10			05-amplicon-reads	06-alt-schemes/06-schemes/	SARS-CoV-2	4.1.5000	09-benchmark/09-bench-all-2	false	false	true
buildCon	5	30	2790	1000	570	5700  5132 567 1 1 0	5699 1 2 0 1248   585.77	98.65	567.72	399632	113%	1024	5120	r941_prom_high_g344	true	false	320	10	05-amplicon-reads	06-alt-schemes/06-schemes/	SARS-CoV-2	4.1.5000	09-benchmark/09-bench-all-2	false	false	true
Lilo	5	30	2790	1000	570	5700  5132 567 1 1 0	ERR	ERR	ERR	ERR	ERR   50.24	9.55	102.42	320416	222%	1024	5120	r941_prom_high_g344	true	false	NA	NA	05-amplicon-reads	06-alt-schemes/06-schemes/	SARS-CoV-2	4.1.5000	09-benchmark/09-bench-all-2	true	false	false
Lilo	5	30	2790	1000	570	5700  5132 567 1 1 0	ERR	ERR	ERR	ERR	ERR   50.24	9.55	102.42	320416	222%	1024	5120	r941_prom_high_g344	true	false	NA	NA	05-amplicon-reads	06-alt-schemes/06-schemes/	SARS-CoV-2	4.1.5000	09-benchmark/09-bench-all-2	false	true	false
Lilo	5	30	2790	1000	570	5700  5132 567 1 1 0	ERR	ERR	ERR	ERR	ERR   50.24	9.55	102.42	320416	222%	1024	5120	r941_prom_high_g344	true	false	NA	NA	05-amplicon-reads	06-alt-schemes/06-schemes/	SARS-CoV-2	4.1.5000	09-benchmark/09-bench-all-2	false	false	true
artic	5	30	2790	0	0	11800 0 0  0  0 0	11800 0 0 0 1249   80.94	3.39	80.81	393552	104%	1024	5120	r941_prom_high_g344	true	false	NA	NA	05-amplicon-reads	06-alt-schemes/06-schemes/	SARS-CoV-2	4.1.11000	09-benchmark/09-bench-all-2	true	false	false
buildCon	5	30	2790	0	0	11800 0 0  0  0 0	11799 0 8 1 1262   1573.78	264.33	1524.54	399844	113%	1024	5120	r941_prom_high_g344	true	true	320	10	05-amplicon-reads	06-alt-schemes/06-schemes/	SARS-CoV-2	4.1.11000	09-benchmark/09-bench-all-2	false	false	true
buildCon	5	30	2790	0	0	11800 0 0  0  0 0	11758 37 37 5 1488   2.21	0.66	3.04	13844	167%	1024	5120	r941_prom_high_g344	false	true	320	10			05-amplicon-reads	06-alt-schemes/06-schemes/	SARS-CoV-2	4.1.11000	09-benchmark/09-bench-all-2	false	false	true
buildCon	5	30	2790	0	0	11800 0 0  0  0 0	11799 0 8 1 1262   1583.51	263.68	1535.13	400108	113%	1024	5120	r941_prom_high_g344	true	false	320	10	05-amplicon-reads	06-alt-schemes/06-schemes/	SARS-CoV-2	4.1.11000	09-benchmark/09-bench-all-2	false	false	true
Lilo	5	30	2790	0	0	11800 0 0  0  0 0	ERR	ERR	ERR	ERR	ERR   55.55	11.47	115.85	321940	229%	1024	5120	r941_prom_high_g344	true	false	NA	NA	05-amplicon-reads	06-alt-schemes/06-schemes/	SARS-CoV-2	4.1.11000	09-benchmark/09-bench-all-2	true	false	false
Lilo	5	30	2790	0	0	11800 0 0  0  0 0	ERR	ERR	ERR	ERR	ERR   55.55	11.47	115.85	321940	229%	1024	5120	r941_prom_high_g344	true	false	NA	NA	05-amplicon-reads	06-alt-schemes/06-schemes/	SARS-CoV-2	4.1.11000	09-benchmark/09-bench-all-2	false	true	false
Lilo	5	30	2790	0	0	11800 0 0  0  0 0	ERR	ERR	ERR	ERR	ERR   55.55	11.47	115.85	321940	229%	1024	5120	r941_prom_high_g344	true	false	NA	NA	05-amplicon-reads	06-alt-schemes/06-schemes/	SARS-CoV-2	4.1.11000	09-benchmark/09-bench-all-2	false	false	true
artic	5	30	2790	100	118	11800  11682 118 0 0 0	11800 0 1 0 1249   79.32	3.50	79.04	391544	104%	1024	5120	r941_prom_high_g344	true	false	NA	NA	05-amplicon-reads	06-alt-schemes/06-schemes/	SARS-CoV-2	4.1.11000	09-benchmark/09-bench-all-2	true	false	false
buildCon	5	30	2790	100	118	11800  11682 118 0 0 0	11799 0 9 1 1272   1580.19	263.34	1531.92	401836	113%	1024	5120	r941_prom_high_g344	true	true	320	10	05-amplicon-reads	06-alt-schemes/06-schemes/	SARS-CoV-2	4.1.11000	09-benchmark/09-bench-all-2	false	false	true
buildCon	5	30	2790	100	118	11800  11682 118 0 0 0	11758 37 35 5 1488   2.21	0.73	2.92	13848	165%	1024	5120	r941_prom_high_g344	false	true	320	10			05-amplicon-reads	06-alt-schemes/06-schemes/	SARS-CoV-2	4.1.11000	09-benchmark/09-bench-all-2	false	false	true
buildCon	5	30	2790	100	118	11800  11682 118 0 0 0	11799 0 9 1 1528   1555.18	259.63	1506.89	400944	113%	1024	5120	r941_prom_high_g344	true	false	320	10	05-amplicon-reads	06-alt-schemes/06-schemes/	SARS-CoV-2	4.1.11000	09-benchmark/09-bench-all-2	false	false	true
Lilo	5	30	2790	100	118	11800  11682 118 0 0 0	ERR	ERR	ERR	ERR	ERR   55.33	11.56	115.54	321772	229%	1024	5120	r941_prom_high_g344	true	false	NA	NA	05-amplicon-reads	06-alt-schemes/06-schemes/	SARS-CoV-2	4.1.11000	09-benchmark/09-bench-all-2	true	false	false
Lilo	5	30	2790	100	118	11800  11682 118 0 0 0	ERR	ERR	ERR	ERR	ERR   55.33	11.56	115.54	321772	229%	1024	5120	r941_prom_high_g344	true	false	NA	NA	05-amplicon-reads	06-alt-schemes/06-schemes/	SARS-CoV-2	4.1.11000	09-benchmark/09-bench-all-2	false	true	false
Lilo	5	30	2790	100	118	11800  11682 118 0 0 0	ERR	ERR	ERR	ERR	ERR   55.33	11.56	115.54	321772	229%	1024	5120	r941_prom_high_g344	true	false	NA	NA	05-amplicon-reads	06-alt-schemes/06-schemes/	SARS-CoV-2	4.1.11000	09-benchmark/09-bench-all-2	false	false	true
artic	5	30	2790	200	236	11800  11564 236 0 0 0	11799 1 0 0 1250   78.94	3.40	78.76	392504	104%	1024	5120	r941_prom_high_g344	true	false	NA	NA	05-amplicon-reads	06-alt-schemes/06-schemes/	SARS-CoV-2	4.1.11000	09-benchmark/09-bench-all-2	true	false	false
buildCon	5	30	2790	200	236	11800  11564 236 0 0 0	11790 4 9 6 1264   1579.80	262.83	1532.11	400736	113%	1024	5120	r941_prom_high_g344	true	true	320	10	05-amplicon-reads	06-alt-schemes/06-schemes/	SARS-CoV-2	4.1.11000	09-benchmark/09-bench-all-2	false	false	true
buildCon	5	30	2790	200	236	11800  11564 236 0 0 0	11798 1 21 1 1766   2.23	0.76	2.98	8976	167%	1024	5120	r941_prom_high_g344	false	true	320	10			05-amplicon-reads	06-alt-schemes/06-schemes/	SARS-CoV-2	4.1.11000	09-benchmark/09-bench-all-2	false	false	true
buildCon	5	30	2790	200	236	11800  11564 236 0 0 0	11790 4 9 6 1264   1575.57	263.97	1526.57	401408	113%	1024	5120	r941_prom_high_g344	true	false	320	10	05-amplicon-reads	06-alt-schemes/06-schemes/	SARS-CoV-2	4.1.11000	09-benchmark/09-bench-all-2	false	false	true
Lilo	5	30	2790	200	236	11800  11564 236 0 0 0	ERR	ERR	ERR	ERR	ERR   55.86	11.95	116.46	321880	229%	1024	5120	r941_prom_high_g344	true	false	NA	NA	05-amplicon-reads	06-alt-schemes/06-schemes/	SARS-CoV-2	4.1.11000	09-benchmark/09-bench-all-2	true	false	false
Lilo	5	30	2790	200	236	11800  11564 236 0 0 0	ERR	ERR	ERR	ERR	ERR   55.86	11.95	116.46	321880	229%	1024	5120	r941_prom_high_g344	true	false	NA	NA	05-amplicon-reads	06-alt-schemes/06-schemes/	SARS-CoV-2	4.1.11000	09-benchmark/09-bench-all-2	false	true	false
Lilo	5	30	2790	200	236	11800  11564 236 0 0 0	ERR	ERR	ERR	ERR	ERR   55.86	11.95	116.46	321880	229%	1024	5120	r941_prom_high_g344	true	false	NA	NA	05-amplicon-reads	06-alt-schemes/06-schemes/	SARS-CoV-2	4.1.11000	09-benchmark/09-bench-all-2	false	false	true
artic	5	30	2790	500	590	11800  11210 590 0 0 0	11798 2 0 0 1250   80.35	3.46	80.11	391360	104%	1024	5120	r941_prom_high_g344	true	false	NA	NA	05-amplicon-reads	06-alt-schemes/06-schemes/	SARS-CoV-2	4.1.11000	09-benchmark/09-bench-all-2	true	false	false
buildCon	5	30	2790	500	590	11800  11210 590 0 0 0	11797 2 6 1 1515   1634.50	275.24	1584.00	400264	113%	1024	5120	r941_prom_high_g344	true	true	320	10	05-amplicon-reads	06-alt-schemes/06-schemes/	SARS-CoV-2	4.1.11000	09-benchmark/09-bench-all-2	false	false	true
buildCon	5	30	2790	500	590	11800  11210 590 0 0 0	11799 0 17 1 2019   2.30	0.76	3.06	9540	166%	1024	5120	r941_prom_high_g344	false	true	320	10			05-amplicon-reads	06-alt-schemes/06-schemes/	SARS-CoV-2	4.1.11000	09-benchmark/09-bench-all-2	false	false	true
buildCon	5	30	2790	500	590	11800  11210 590 0 0 0	11797 2 6 1 1515   1627.36	274.39	1577.78	400556	113%	1024	5120	r941_prom_high_g344	true	false	320	10	05-amplicon-reads	06-alt-schemes/06-schemes/	SARS-CoV-2	4.1.11000	09-benchmark/09-bench-all-2	false	false	true
Lilo	5	30	2790	500	590	11800  11210 590 0 0 0	ERR	ERR	ERR	ERR	ERR   55.35	11.65	115.31	320916	229%	1024	5120	r941_prom_high_g344	true	false	NA	NA	05-amplicon-reads	06-alt-schemes/06-schemes/	SARS-CoV-2	4.1.11000	09-benchmark/09-bench-all-2	true	false	false
Lilo	5	30	2790	500	590	11800  11210 590 0 0 0	ERR	ERR	ERR	ERR	ERR   55.35	11.65	115.31	320916	229%	1024	5120	r941_prom_high_g344	true	false	NA	NA	05-amplicon-reads	06-alt-schemes/06-schemes/	SARS-CoV-2	4.1.11000	09-benchmark/09-bench-all-2	false	true	false
Lilo	5	30	2790	500	590	11800  11210 590 0 0 0	ERR	ERR	ERR	ERR	ERR   55.35	11.65	115.31	320916	229%	1024	5120	r941_prom_high_g344	true	false	NA	NA	05-amplicon-reads	06-alt-schemes/06-schemes/	SARS-CoV-2	4.1.11000	09-benchmark/09-bench-all-2	false	false	true
artic	5	30	2790	1000	1180	11800  10631 1163 6 6 0	11793 5 3 2 1333   82.28	3.64	81.91	390880	103%	1024	5120	r941_prom_high_g344	true	false	NA	NA	05-amplicon-reads	06-alt-schemes/06-schemes/	SARS-CoV-2	4.1.11000	09-benchmark/09-bench-all-2	true	false	false
buildCon	5	30	2790	1000	1180	11800  10631 1163 6 6 0	11796 3 5 1 1486   1520.35	254.16	1473.49	401008	113%	1024	5120	r941_prom_high_g344	true	true	320	10	05-amplicon-reads	06-alt-schemes/06-schemes/	SARS-CoV-2	4.1.11000	09-benchmark/09-bench-all-2	false	false	true
buildCon	5	30	2790	1000	1180	11800  10631 1163 6 6 0	11797 1 17 2 2339   2.03	0.64	2.73	13836	165%	1024	5120	r941_prom_high_g344	false	true	320	10			05-amplicon-reads	06-alt-schemes/06-schemes/	SARS-CoV-2	4.1.11000	09-benchmark/09-bench-all-2	false	false	true
buildCon	5	30	2790	1000	1180	11800  10631 1163 6 6 0	11796 3 5 1 1486   1505.57	254.55	1457.86	403508	113%	1024	5120	r941_prom_high_g344	true	false	320	10	05-amplicon-reads	06-alt-schemes/06-schemes/	SARS-CoV-2	4.1.11000	09-benchmark/09-bench-all-2	false	false	true
Lilo	5	30	2790	1000	1180	11800  10631 1163 6 6 0	ERR	ERR	ERR	ERR	ERR   55.48	11.58	115.62	320864	229%	1024	5120	r941_prom_high_g344	true	false	NA	NA	05-amplicon-reads	06-alt-schemes/06-schemes/	SARS-CoV-2	4.1.11000	09-benchmark/09-bench-all-2	true	false	false
Lilo	5	30	2790	1000	1180	11800  10631 1163 6 6 0	ERR	ERR	ERR	ERR	ERR   55.48	11.58	115.62	320864	229%	1024	5120	r941_prom_high_g344	true	false	NA	NA	05-amplicon-reads	06-alt-schemes/06-schemes/	SARS-CoV-2	4.1.11000	09-benchmark/09-bench-all-2	false	true	false
Lilo	5	30	2790	1000	1180	11800  10631 1163 6 6 0	ERR	ERR	ERR	ERR	ERR   55.48	11.58	115.62	320864	229%	1024	5120	r941_prom_high_g344	true	false	NA	NA	05-amplicon-reads	06-alt-schemes/06-schemes/	SARS-CoV-2	4.1.11000	09-benchmark/09-bench-all-2	false	false	true
artic	5	30	2790	0	0	29903 0 0  0  0 0	29889 3 0 11 2288   206.39	3.90	206.76	937856	102%	1024	5120	r941_prom_high_g344	true	false	NA	NA	05-amplicon-reads	06-alt-schemes/06-schemes/	SARS-CoV-2	4.1	09-benchmark/09-bench-all-2	true	false	false
buildCon	5	30	2790	0	0	29903 0 0  0  0 0	29882 6 19 15 2432   4290.89	691.34	4172.60	403548	113%	1024	5120	r941_prom_high_g344	true	true	320	10	05-amplicon-reads	06-alt-schemes/06-schemes/	SARS-CoV-2	4.1	09-benchmark/09-bench-all-2	false	false	true
buildCon	5	30	2790	0	0	29903 0 0  0  0 0	29881 8 41 14 2127   5.91	1.78	9.24	13900	186%	1024	5120	r941_prom_high_g344	false	true	320	10			05-amplicon-reads	06-alt-schemes/06-schemes/	SARS-CoV-2	4.1	09-benchmark/09-bench-all-2	false	false	true
buildCon	5	30	2790	0	0	29903 0 0  0  0 0	29882 6 19 15 2432   4262.74	692.76	4142.78	402320	113%	1024	5120	r941_prom_high_g344	true	false	320	10	05-amplicon-reads	06-alt-schemes/06-schemes/	SARS-CoV-2	4.1	09-benchmark/09-bench-all-2	false	false	true
Lilo	5	30	2790	0	0	29903 0 0  0  0 0	ERR	ERR	ERR	ERR	ERR   112.86	23.38	205.57	396584	202%	1024	5120	r941_prom_high_g344	true	false	NA	NA	05-amplicon-reads	06-alt-schemes/06-schemes/	SARS-CoV-2	4.1	09-benchmark/09-bench-all-2	true	false	false
Lilo	5	30	2790	0	0	29903 0 0  0  0 0	ERR	ERR	ERR	ERR	ERR   112.86	23.38	205.57	396584	202%	1024	5120	r941_prom_high_g344	true	false	NA	NA	05-amplicon-reads	06-alt-schemes/06-schemes/	SARS-CoV-2	4.1	09-benchmark/09-bench-all-2	false	true	false
Lilo	5	30	2790	0	0	29903 0 0  0  0 0	ERR	ERR	ERR	ERR	ERR   112.86	23.38	205.57	396584	202%	1024	5120	r941_prom_high_g344	true	false	NA	NA	05-amplicon-reads	06-alt-schemes/06-schemes/	SARS-CoV-2	4.1	09-benchmark/09-bench-all-2	false	false	true
artic	5	30	2790	100	299	29903  29604 299 0 0 0	29887 5 0 11 2288   198.63	3.77	199.00	937924	102%	1024	5120	r941_prom_high_g344	true	false	NA	NA	05-amplicon-reads	06-alt-schemes/06-schemes/	SARS-CoV-2	4.1	09-benchmark/09-bench-all-2	true	false	false
buildCon	5	30	2790	100	299	29903  29604 299 0 0 0	29882 6 19 15 2432   4295.77	692.91	4178.03	400496	113%	1024	5120	r941_prom_high_g344	true	true	320	10	05-amplicon-reads	06-alt-schemes/06-schemes/	SARS-CoV-2	4.1	09-benchmark/09-bench-all-2	false	false	true
buildCon	5	30	2790	100	299	29903  29604 299 0 0 0	29881 8 43 14 2468   5.88	1.76	9.21	13900	186%	1024	5120	r941_prom_high_g344	false	true	320	10			05-amplicon-reads	06-alt-schemes/06-schemes/	SARS-CoV-2	4.1	09-benchmark/09-bench-all-2	false	false	true
buildCon	5	30	2790	100	299	29903  29604 299 0 0 0	29882 6 19 15 2432   4297.16	695.12	4177.18	402136	113%	1024	5120	r941_prom_high_g344	true	false	320	10	05-amplicon-reads	06-alt-schemes/06-schemes/	SARS-CoV-2	4.1	09-benchmark/09-bench-all-2	false	false	true
Lilo	5	30	2790	100	299	29903  29604 299 0 0 0	ERR	ERR	ERR	ERR	ERR   111.96	22.45	206.10	396144	204%	1024	5120	r941_prom_high_g344	true	false	NA	NA	05-amplicon-reads	06-alt-schemes/06-schemes/	SARS-CoV-2	4.1	09-benchmark/09-bench-all-2	true	false	false
Lilo	5	30	2790	100	299	29903  29604 299 0 0 0	ERR	ERR	ERR	ERR	ERR   111.96	22.45	206.10	396144	204%	1024	5120	r941_prom_high_g344	true	false	NA	NA	05-amplicon-reads	06-alt-schemes/06-schemes/	SARS-CoV-2	4.1	09-benchmark/09-bench-all-2	false	true	false
Lilo	5	30	2790	100	299	29903  29604 299 0 0 0	ERR	ERR	ERR	ERR	ERR   111.96	22.45	206.10	396144	204%	1024	5120	r941_prom_high_g344	true	false	NA	NA	05-amplicon-reads	06-alt-schemes/06-schemes/	SARS-CoV-2	4.1	09-benchmark/09-bench-all-2	false	false	true
artic	5	30	2790	200	598	29903  29305 598 0 0 0	29886 6 0 11 2288   191.91	3.97	191.99	937792	102%	1024	5120	r941_prom_high_g344	true	false	NA	NA	05-amplicon-reads	06-alt-schemes/06-schemes/	SARS-CoV-2	4.1	09-benchmark/09-bench-all-2	true	false	false
buildCon	5	30	2790	200	598	29903  29305 598 0 0 0	29882 6 20 15 2435   4269.64	694.35	4149.90	402328	113%	1024	5120	r941_prom_high_g344	true	true	320	10	05-amplicon-reads	06-alt-schemes/06-schemes/	SARS-CoV-2	4.1	09-benchmark/09-bench-all-2	false	false	true
buildCon	5	30	2790	200	598	29903  29305 598 0 0 0	29881 8 44 14 2471   6.01	1.59	9.37	15284	182%	1024	5120	r941_prom_high_g344	false	true	320	10			05-amplicon-reads	06-alt-schemes/06-schemes/	SARS-CoV-2	4.1	09-benchmark/09-bench-all-2	false	false	true
buildCon	5	30	2790	200	598	29903  29305 598 0 0 0	29882 6 20 15 2435   4279.52	692.87	4161.38	400884	113%	1024	5120	r941_prom_high_g344	true	false	320	10	05-amplicon-reads	06-alt-schemes/06-schemes/	SARS-CoV-2	4.1	09-benchmark/09-bench-all-2	false	false	true
Lilo	5	30	2790	200	598	29903  29305 598 0 0 0	ERR	ERR	ERR	ERR	ERR   111.81	22.93	205.28	393736	204%	1024	5120	r941_prom_high_g344	true	false	NA	NA	05-amplicon-reads	06-alt-schemes/06-schemes/	SARS-CoV-2	4.1	09-benchmark/09-bench-all-2	true	false	false
Lilo	5	30	2790	200	598	29903  29305 598 0 0 0	ERR	ERR	ERR	ERR	ERR   111.81	22.93	205.28	393736	204%	1024	5120	r941_prom_high_g344	true	false	NA	NA	05-amplicon-reads	06-alt-schemes/06-schemes/	SARS-CoV-2	4.1	09-benchmark/09-bench-all-2	false	true	false
Lilo	5	30	2790	200	598	29903  29305 598 0 0 0	ERR	ERR	ERR	ERR	ERR   111.81	22.93	205.28	393736	204%	1024	5120	r941_prom_high_g344	true	false	NA	NA	05-amplicon-reads	06-alt-schemes/06-schemes/	SARS-CoV-2	4.1	09-benchmark/09-bench-all-2	false	false	true
artic	5	30	2790	500	1495	29903  28408 1495 0 0 0	29877 14 1 12 2289   205.44	4.26	205.45	937788	102%	1024	5120	r941_prom_high_g344	true	false	NA	NA	05-amplicon-reads	06-alt-schemes/06-schemes/	SARS-CoV-2	4.1	09-benchmark/09-bench-all-2	true	false	false
buildCon	5	30	2790	500	1495	29903  28408 1495 0 0 0	29882 6 19 15 2433   4283.04	693.41	4164.50	401248	113%	1024	5120	r941_prom_high_g344	true	true	320	10	05-amplicon-reads	06-alt-schemes/06-schemes/	SARS-CoV-2	4.1	09-benchmark/09-bench-all-2	false	false	true
buildCon	5	30	2790	500	1495	29903  28408 1495 0 0 0	29882 7 41 14 2129   5.97	1.82	9.19	11792	184%	1024	5120	r941_prom_high_g344	false	true	320	10			05-amplicon-reads	06-alt-schemes/06-schemes/	SARS-CoV-2	4.1	09-benchmark/09-bench-all-2	false	false	true
buildCon	5	30	2790	500	1495	29903  28408 1495 0 0 0	29882 6 19 15 2433   4292.68	694.79	4173.13	401112	113%	1024	5120	r941_prom_high_g344	true	false	320	10	05-amplicon-reads	06-alt-schemes/06-schemes/	SARS-CoV-2	4.1	09-benchmark/09-bench-all-2	false	false	true
Lilo	5	30	2790	500	1495	29903  28408 1495 0 0 0	ERR	ERR	ERR	ERR	ERR   110.40	22.56	203.97	395292	205%	1024	5120	r941_prom_high_g344	true	false	NA	NA	05-amplicon-reads	06-alt-schemes/06-schemes/	SARS-CoV-2	4.1	09-benchmark/09-bench-all-2	true	false	false
Lilo	5	30	2790	500	1495	29903  28408 1495 0 0 0	ERR	ERR	ERR	ERR	ERR   110.40	22.56	203.97	395292	205%	1024	5120	r941_prom_high_g344	true	false	NA	NA	05-amplicon-reads	06-alt-schemes/06-schemes/	SARS-CoV-2	4.1	09-benchmark/09-bench-all-2	false	true	false
Lilo	5	30	2790	500	1495	29903  28408 1495 0 0 0	ERR	ERR	ERR	ERR	ERR   110.40	22.56	203.97	395292	205%	1024	5120	r941_prom_high_g344	true	false	NA	NA	05-amplicon-reads	06-alt-schemes/06-schemes/	SARS-CoV-2	4.1	09-benchmark/09-bench-all-2	false	false	true
artic	5	30	2790	1000	2990	29903  26935 2952 16 16 0	29860 33 1 10 2602   201.78	4.11	201.88	937984	102%	1024	5120	r941_prom_high_g344	true	false	NA	NA	05-amplicon-reads	06-alt-schemes/06-schemes/	SARS-CoV-2	4.1	09-benchmark/09-bench-all-2	true	false	false
buildCon	5	30	2790	1000	2990	29903  26935 2952 16 16 0	29879 8 18 16 3276   4127.06	672.93	4010.80	400716	113%	1024	5120	r941_prom_high_g344	true	true	320	10	05-amplicon-reads	06-alt-schemes/06-schemes/	SARS-CoV-2	4.1	09-benchmark/09-bench-all-2	false	false	true
buildCon	5	30	2790	1000	2990	29903  26935 2952 16 16 0	29878 12 33 13 3013   5.72	1.72	8.92	13656	185%	1024	5120	r941_prom_high_g344	false	true	320	10			05-amplicon-reads	06-alt-schemes/06-schemes/	SARS-CoV-2	4.1	09-benchmark/09-bench-all-2	false	false	true
buildCon	5	30	2790	1000	2990	29903  26935 2952 16 16 0	29879 8 18 16 3028   4173.87	676.66	4058.31	402736	113%	1024	5120	r941_prom_high_g344	true	false	320	10	05-amplicon-reads	06-alt-schemes/06-schemes/	SARS-CoV-2	4.1	09-benchmark/09-bench-all-2	false	false	true
Lilo	5	30	2790	1000	2990	29903  26935 2952 16 16 0	ERR	ERR	ERR	ERR	ERR   110.26	22.94	203.44	394608	205%	1024	5120	r941_prom_high_g344	true	false	NA	NA	05-amplicon-reads	06-alt-schemes/06-schemes/	SARS-CoV-2	4.1	09-benchmark/09-bench-all-2	true	false	false
Lilo	5	30	2790	1000	2990	29903  26935 2952 16 16 0	ERR	ERR	ERR	ERR	ERR   110.26	22.94	203.44	394608	205%	1024	5120	r941_prom_high_g344	true	false	NA	NA	05-amplicon-reads	06-alt-schemes/06-schemes/	SARS-CoV-2	4.1	09-benchmark/09-bench-all-2	false	true	false
Lilo	5	30	2790	1000	2990	29903  26935 2952 16 16 0	ERR	ERR	ERR	ERR	ERR   110.26	22.94	203.44	394608	205%	1024	5120	r941_prom_high_g344	true	false	NA	NA	05-amplicon-reads	06-alt-schemes/06-schemes/	SARS-CoV-2	4.1	09-benchmark/09-bench-all-2	false	false	true
artic	5	50	4650	0	0	1700 0 0  0  0 0	1700 0 0 0 127   28.16	3.12	27.83	384716	109%	1024	5120	r941_prom_high_g344	true	false	NA	NA	05-amplicon-reads	06-alt-schemes/06-schemes/	SARS-CoV-2	4.1.1500	09-benchmark/09-bench-all-2	true	false	false
buildCon	5	50	4650	0	0	1700 0 0  0  0 0	1699 1 1 0 152   185.63	30.15	180.96	400184	113%	1024	5120	r941_prom_high_g344	true	true	320	16	05-amplicon-reads	06-alt-schemes/06-schemes/	SARS-CoV-2	4.1.1500	09-benchmark/09-bench-all-2	false	false	true
buildCon	5	50	4650	0	0	1700 0 0  0  0 0	1699 1 1 0 152   0.63	0.20	0.87	10184	170%	1024	5120	r941_prom_high_g344	false	true	320	16			05-amplicon-reads	06-alt-schemes/06-schemes/	SARS-CoV-2	4.1.1500	09-benchmark/09-bench-all-2	false	false	true
buildCon	5	50	4650	0	0	1700 0 0  0  0 0	1699 1 1 0 152   184.69	30.57	179.57	400460	113%	1024	5120	r941_prom_high_g344	true	false	320	16	05-amplicon-reads	06-alt-schemes/06-schemes/	SARS-CoV-2	4.1.1500	09-benchmark/09-bench-all-2	false	false	true
Lilo	5	50	4650	0	0	1700 0 0  0  0 0	1700 0 227 0 131   160.64	24.79	288.15	400668	194%	1024	5120	r941_prom_high_g344	true	false	NA	NA	05-amplicon-reads	06-alt-schemes/06-schemes/	SARS-CoV-2	4.1.1500	09-benchmark/09-bench-all-2	true	false	false
Lilo	5	50	4650	0	0	1700 0 0  0  0 0	1700 0 0 0 131   160.64	24.79	288.15	400668	194%	1024	5120	r941_prom_high_g344	true	false	NA	NA	05-amplicon-reads	06-alt-schemes/06-schemes/	SARS-CoV-2	4.1.1500	09-benchmark/09-bench-all-2	false	true	false
Lilo	5	50	4650	0	0	1700 0 0  0  0 0	1700 0 2 0 132   160.64	24.79	288.15	400668	194%	1024	5120	r941_prom_high_g344	true	false	NA	NA	05-amplicon-reads	06-alt-schemes/06-schemes/	SARS-CoV-2	4.1.1500	09-benchmark/09-bench-all-2	false	false	true
artic	5	50	4650	100	17	1700  1683 17 0 0 0	1700 0 0 0 127   30.91	3.14	30.59	384304	109%	1024	5120	r941_prom_high_g344	true	false	NA	NA	05-amplicon-reads	06-alt-schemes/06-schemes/	SARS-CoV-2	4.1.1500	09-benchmark/09-bench-all-2	true	false	false
buildCon	5	50	4650	100	17	1700  1683 17 0 0 0	1700 0 0 0 152   183.11	30.63	177.90	400028	113%	1024	5120	r941_prom_high_g344	true	true	320	16	05-amplicon-reads	06-alt-schemes/06-schemes/	SARS-CoV-2	4.1.1500	09-benchmark/09-bench-all-2	false	false	true
buildCon	5	50	4650	100	17	1700  1683 17 0 0 0	1700 0 0 0 152   0.61	0.18	0.87	10292	170%	1024	5120	r941_prom_high_g344	false	true	320	16			05-amplicon-reads	06-alt-schemes/06-schemes/	SARS-CoV-2	4.1.1500	09-benchmark/09-bench-all-2	false	false	true
buildCon	5	50	4650	100	17	1700  1683 17 0 0 0	1700 0 0 0 152   184.87	30.16	180.17	399660	113%	1024	5120	r941_prom_high_g344	true	false	320	16	05-amplicon-reads	06-alt-schemes/06-schemes/	SARS-CoV-2	4.1.1500	09-benchmark/09-bench-all-2	false	false	true
Lilo	5	50	4650	100	17	1700  1683 17 0 0 0	1700 0 227 0 131   161.69	24.83	289.03	400512	194%	1024	5120	r941_prom_high_g344	true	false	NA	NA	05-amplicon-reads	06-alt-schemes/06-schemes/	SARS-CoV-2	4.1.1500	09-benchmark/09-bench-all-2	true	false	false
Lilo	5	50	4650	100	17	1700  1683 17 0 0 0	1700 0 0 0 131   161.69	24.83	289.03	400512	194%	1024	5120	r941_prom_high_g344	true	false	NA	NA	05-amplicon-reads	06-alt-schemes/06-schemes/	SARS-CoV-2	4.1.1500	09-benchmark/09-bench-all-2	false	true	false
Lilo	5	50	4650	100	17	1700  1683 17 0 0 0	1700 0 2 0 132   161.69	24.83	289.03	400512	194%	1024	5120	r941_prom_high_g344	true	false	NA	NA	05-amplicon-reads	06-alt-schemes/06-schemes/	SARS-CoV-2	4.1.1500	09-benchmark/09-bench-all-2	false	false	true
artic	5	50	4650	200	34	1700  1666 34 0 0 0	1700 0 0 0 127   29.80	3.32	29.29	388004	109%	1024	5120	r941_prom_high_g344	true	false	NA	NA	05-amplicon-reads	06-alt-schemes/06-schemes/	SARS-CoV-2	4.1.1500	09-benchmark/09-bench-all-2	true	false	false
buildCon	5	50	4650	200	34	1700  1666 34 0 0 0	1700 0 0 0 157   193.53	30.48	188.64	398636	113%	1024	5120	r941_prom_high_g344	true	true	320	16	05-amplicon-reads	06-alt-schemes/06-schemes/	SARS-CoV-2	4.1.1500	09-benchmark/09-bench-all-2	false	false	true
buildCon	5	50	4650	200	34	1700  1666 34 0 0 0	1700 0 0 0 157   0.58	0.15	0.84	12244	171%	1024	5120	r941_prom_high_g344	false	true	320	16			05-amplicon-reads	06-alt-schemes/06-schemes/	SARS-CoV-2	4.1.1500	09-benchmark/09-bench-all-2	false	false	true
buildCon	5	50	4650	200	34	1700  1666 34 0 0 0	1700 0 0 0 157   190.00	29.76	185.74	399704	113%	1024	5120	r941_prom_high_g344	true	false	320	16	05-amplicon-reads	06-alt-schemes/06-schemes/	SARS-CoV-2	4.1.1500	09-benchmark/09-bench-all-2	false	false	true
Lilo	5	50	4650	200	34	1700  1666 34 0 0 0	1700 0 187 0 143   161.37	24.57	289.03	399240	194%	1024	5120	r941_prom_high_g344	true	false	NA	NA	05-amplicon-reads	06-alt-schemes/06-schemes/	SARS-CoV-2	4.1.1500	09-benchmark/09-bench-all-2	true	false	false
Lilo	5	50	4650	200	34	1700  1666 34 0 0 0	1700 0 0 0 143   161.37	24.57	289.03	399240	194%	1024	5120	r941_prom_high_g344	true	false	NA	NA	05-amplicon-reads	06-alt-schemes/06-schemes/	SARS-CoV-2	4.1.1500	09-benchmark/09-bench-all-2	false	true	false
Lilo	5	50	4650	200	34	1700  1666 34 0 0 0	1700 0 2 0 146   161.37	24.57	289.03	399240	194%	1024	5120	r941_prom_high_g344	true	false	NA	NA	05-amplicon-reads	06-alt-schemes/06-schemes/	SARS-CoV-2	4.1.1500	09-benchmark/09-bench-all-2	false	false	true
artic	5	50	4650	500	85	1700  1615 85 0 0 0	1700 0 0 0 127   28.97	3.24	28.53	385432	109%	1024	5120	r941_prom_high_g344	true	false	NA	NA	05-amplicon-reads	06-alt-schemes/06-schemes/	SARS-CoV-2	4.1.1500	09-benchmark/09-bench-all-2	true	false	false
buildCon	5	50	4650	500	85	1700  1615 85 0 0 0	1700 0 0 0 155   188.64	29.89	184.23	399456	113%	1024	5120	r941_prom_high_g344	true	true	320	16	05-amplicon-reads	06-alt-schemes/06-schemes/	SARS-CoV-2	4.1.1500	09-benchmark/09-bench-all-2	false	false	true
buildCon	5	50	4650	500	85	1700  1615 85 0 0 0	1700 0 0 0 155   0.53	0.17	0.76	10632	173%	1024	5120	r941_prom_high_g344	false	true	320	16			05-amplicon-reads	06-alt-schemes/06-schemes/	SARS-CoV-2	4.1.1500	09-benchmark/09-bench-all-2	false	false	true
buildCon	5	50	4650	500	85	1700  1615 85 0 0 0	1700 0 0 0 155   192.45	30.28	187.69	399816	113%	1024	5120	r941_prom_high_g344	true	false	320	16	05-amplicon-reads	06-alt-schemes/06-schemes/	SARS-CoV-2	4.1.1500	09-benchmark/09-bench-all-2	false	false	true
Lilo	5	50	4650	500	85	1700  1615 85 0 0 0	1700 0 187 0 147   161.46	24.61	289.45	400464	194%	1024	5120	r941_prom_high_g344	true	false	NA	NA	05-amplicon-reads	06-alt-schemes/06-schemes/	SARS-CoV-2	4.1.1500	09-benchmark/09-bench-all-2	true	false	false
Lilo	5	50	4650	500	85	1700  1615 85 0 0 0	1700 0 0 0 147   161.46	24.61	289.45	400464	194%	1024	5120	r941_prom_high_g344	true	false	NA	NA	05-amplicon-reads	06-alt-schemes/06-schemes/	SARS-CoV-2	4.1.1500	09-benchmark/09-bench-all-2	false	true	false
Lilo	5	50	4650	500	85	1700  1615 85 0 0 0	1700 0 2 0 152   161.46	24.61	289.45	400464	194%	1024	5120	r941_prom_high_g344	true	false	NA	NA	05-amplicon-reads	06-alt-schemes/06-schemes/	SARS-CoV-2	4.1.1500	09-benchmark/09-bench-all-2	false	false	true
artic	5	50	4650	1000	170	1700  1534 163 3 3 0	1699 1 1 0 127   29.19	3.23	28.76	383836	109%	1024	5120	r941_prom_high_g344	true	false	NA	NA	05-amplicon-reads	06-alt-schemes/06-schemes/	SARS-CoV-2	4.1.1500	09-benchmark/09-bench-all-2	true	false	false
buildCon	5	50	4650	1000	170	1700  1534 163 3 3 0	1700 0 0 0 156   182.31	30.41	177.16	400136	113%	1024	5120	r941_prom_high_g344	true	true	320	16	05-amplicon-reads	06-alt-schemes/06-schemes/	SARS-CoV-2	4.1.1500	09-benchmark/09-bench-all-2	false	false	true
buildCon	5	50	4650	1000	170	1700  1534 163 3 3 0	1700 0 2 0 410   0.41	0.11	0.58	15016	170%	1024	5120	r941_prom_high_g344	false	true	320	16			05-amplicon-reads	06-alt-schemes/06-schemes/	SARS-CoV-2	4.1.1500	09-benchmark/09-bench-all-2	false	false	true
buildCon	5	50	4650	1000	170	1700  1534 163 3 3 0	1700 0 0 0 156   190.93	30.87	185.49	398756	113%	1024	5120	r941_prom_high_g344	true	false	320	16	05-amplicon-reads	06-alt-schemes/06-schemes/	SARS-CoV-2	4.1.1500	09-benchmark/09-bench-all-2	false	false	true
Lilo	5	50	4650	1000	170	1700  1534 163 3 3 0	1700 0 187 0 147   161.94	24.61	289.24	399588	193%	1024	5120	r941_prom_high_g344	true	false	NA	NA	05-amplicon-reads	06-alt-schemes/06-schemes/	SARS-CoV-2	4.1.1500	09-benchmark/09-bench-all-2	true	false	false
Lilo	5	50	4650	1000	170	1700  1534 163 3 3 0	1700 0 0 0 147   161.94	24.61	289.24	399588	193%	1024	5120	r941_prom_high_g344	true	false	NA	NA	05-amplicon-reads	06-alt-schemes/06-schemes/	SARS-CoV-2	4.1.1500	09-benchmark/09-bench-all-2	false	true	false
Lilo	5	50	4650	1000	170	1700  1534 163 3 3 0	1700 0 2 0 151   161.94	24.61	289.24	399588	193%	1024	5120	r941_prom_high_g344	true	false	NA	NA	05-amplicon-reads	06-alt-schemes/06-schemes/	SARS-CoV-2	4.1.1500	09-benchmark/09-bench-all-2	false	false	true
artic	5	50	4650	0	0	5700 0 0  0  0 0	5700 0 0 0 960   49.67	3.48	49.25	388108	106%	1024	5120	r941_prom_high_g344	true	false	NA	NA	05-amplicon-reads	06-alt-schemes/06-schemes/	SARS-CoV-2	4.1.5000	09-benchmark/09-bench-all-2	true	false	false
buildCon	5	50	4650	0	0	5700 0 0  0  0 0	5700 0 3 0 1503   597.66	97.61	581.56	400476	113%	1024	5120	r941_prom_high_g344	true	true	320	16	05-amplicon-reads	06-alt-schemes/06-schemes/	SARS-CoV-2	4.1.5000	09-benchmark/09-bench-all-2	false	false	true
buildCon	5	50	4650	0	0	5700 0 0  0  0 0	5698 1 12 1 2111   1.37	0.50	1.89	11000	174%	1024	5120	r941_prom_high_g344	false	true	320	16			05-amplicon-reads	06-alt-schemes/06-schemes/	SARS-CoV-2	4.1.5000	09-benchmark/09-bench-all-2	false	false	true
buildCon	5	50	4650	0	0	5700 0 0  0  0 0	5700 0 3 0 1503   615.50	98.60	598.65	400308	113%	1024	5120	r941_prom_high_g344	true	false	320	16	05-amplicon-reads	06-alt-schemes/06-schemes/	SARS-CoV-2	4.1.5000	09-benchmark/09-bench-all-2	false	false	true
Lilo	5	50	4650	0	0	5700 0 0  0  0 0	5700 0 558 0 924   221.83	32.08	450.18	399380	217%	1024	5120	r941_prom_high_g344	true	false	NA	NA	05-amplicon-reads	06-alt-schemes/06-schemes/	SARS-CoV-2	4.1.5000	09-benchmark/09-bench-all-2	true	false	false
Lilo	5	50	4650	0	0	5700 0 0  0  0 0	5700 0 5 0 924   221.83	32.08	450.18	399380	217%	1024	5120	r941_prom_high_g344	true	false	NA	NA	05-amplicon-reads	06-alt-schemes/06-schemes/	SARS-CoV-2	4.1.5000	09-benchmark/09-bench-all-2	false	true	false
Lilo	5	50	4650	0	0	5700 0 0  0  0 0	5700 0 7 0 928   221.83	32.08	450.18	399380	217%	1024	5120	r941_prom_high_g344	true	false	NA	NA	05-amplicon-reads	06-alt-schemes/06-schemes/	SARS-CoV-2	4.1.5000	09-benchmark/09-bench-all-2	false	false	true
artic	5	50	4650	100	57	5700  5643 57 0 0 0	5698 2 0 0 960   49.28	3.36	48.96	387024	106%	1024	5120	r941_prom_high_g344	true	false	NA	NA	05-amplicon-reads	06-alt-schemes/06-schemes/	SARS-CoV-2	4.1.5000	09-benchmark/09-bench-all-2	true	false	false
buildCon	5	50	4650	100	57	5700  5643 57 0 0 0	    0   623.27	100.74	606.18	399628	113%	1024	5120	r941_prom_high_g344	true	true	320	16	05-amplicon-reads	06-alt-schemes/06-schemes/	SARS-CoV-2	4.1.5000	09-benchmark/09-bench-all-2	false	false	true
buildCon	5	50	4650	100	57	5700  5643 57 0 0 0	5659 30 19 11 1526   1.51	0.48	2.24	11288	180%	1024	5120	r941_prom_high_g344	false	true	320	16			05-amplicon-reads	06-alt-schemes/06-schemes/	SARS-CoV-2	4.1.5000	09-benchmark/09-bench-all-2	false	false	true
buildCon	5	50	4650	100	57	5700  5643 57 0 0 0	    0   618.86	99.41	603.04	402096	113%	1024	5120	r941_prom_high_g344	true	false	320	16	05-amplicon-reads	06-alt-schemes/06-schemes/	SARS-CoV-2	4.1.5000	09-benchmark/09-bench-all-2	false	false	true
Lilo	5	50	4650	100	57	5700  5643 57 0 0 0	5700 0 551 0 924   218.83	32.48	447.84	399976	219%	1024	5120	r941_prom_high_g344	true	false	NA	NA	05-amplicon-reads	06-alt-schemes/06-schemes/	SARS-CoV-2	4.1.5000	09-benchmark/09-bench-all-2	true	false	false
Lilo	5	50	4650	100	57	5700  5643 57 0 0 0	5700 0 5 0 924   218.83	32.48	447.84	399976	219%	1024	5120	r941_prom_high_g344	true	false	NA	NA	05-amplicon-reads	06-alt-schemes/06-schemes/	SARS-CoV-2	4.1.5000	09-benchmark/09-bench-all-2	false	true	false
Lilo	5	50	4650	100	57	5700  5643 57 0 0 0	5700 0 7 0 929   218.83	32.48	447.84	399976	219%	1024	5120	r941_prom_high_g344	true	false	NA	NA	05-amplicon-reads	06-alt-schemes/06-schemes/	SARS-CoV-2	4.1.5000	09-benchmark/09-bench-all-2	false	false	true
artic	5	50	4650	200	114	5700  5586 114 0 0 0	5698 2 0 0 960   47.82	3.30	47.52	386380	106%	1024	5120	r941_prom_high_g344	true	false	NA	NA	05-amplicon-reads	06-alt-schemes/06-schemes/	SARS-CoV-2	4.1.5000	09-benchmark/09-bench-all-2	true	false	false
buildCon	5	50	4650	200	114	5700  5586 114 0 0 0	5665 30 10 5 993   601.98	98.06	585.47	400728	113%	1024	5120	r941_prom_high_g344	true	true	320	16	05-amplicon-reads	06-alt-schemes/06-schemes/	SARS-CoV-2	4.1.5000	09-benchmark/09-bench-all-2	false	false	true
buildCon	5	50	4650	200	114	5700  5586 114 0 0 0	5667 29 15 4 1289   1.47	0.51	2.16	10908	181%	1024	5120	r941_prom_high_g344	false	true	320	16			05-amplicon-reads	06-alt-schemes/06-schemes/	SARS-CoV-2	4.1.5000	09-benchmark/09-bench-all-2	false	false	true
buildCon	5	50	4650	200	114	5700  5586 114 0 0 0	5665 30 10 5 993   603.49	98.57	586.47	401184	113%	1024	5120	r941_prom_high_g344	true	false	320	16	05-amplicon-reads	06-alt-schemes/06-schemes/	SARS-CoV-2	4.1.5000	09-benchmark/09-bench-all-2	false	false	true
Lilo	5	50	4650	200	114	5700  5586 114 0 0 0	5700 0 551 0 924   219.56	32.41	448.16	398536	218%	1024	5120	r941_prom_high_g344	true	false	NA	NA	05-amplicon-reads	06-alt-schemes/06-schemes/	SARS-CoV-2	4.1.5000	09-benchmark/09-bench-all-2	true	false	false
Lilo	5	50	4650	200	114	5700  5586 114 0 0 0	5700 0 5 0 924   219.56	32.41	448.16	398536	218%	1024	5120	r941_prom_high_g344	true	false	NA	NA	05-amplicon-reads	06-alt-schemes/06-schemes/	SARS-CoV-2	4.1.5000	09-benchmark/09-bench-all-2	false	true	false
Lilo	5	50	4650	200	114	5700  5586 114 0 0 0	5700 0 7 0 929   219.56	32.41	448.16	398536	218%	1024	5120	r941_prom_high_g344	true	false	NA	NA	05-amplicon-reads	06-alt-schemes/06-schemes/	SARS-CoV-2	4.1.5000	09-benchmark/09-bench-all-2	false	false	true
artic	5	50	4650	500	285	5700  5415 285 0 0 0	5695 5 0 0 960   48.54	3.30	48.26	388104	106%	1024	5120	r941_prom_high_g344	true	false	NA	NA	05-amplicon-reads	06-alt-schemes/06-schemes/	SARS-CoV-2	4.1.5000	09-benchmark/09-bench-all-2	true	false	false
buildCon	5	50	4650	500	285	5700  5415 285 0 0 0	5691 6 6 3 1253   619.15	100.82	601.91	401548	113%	1024	5120	r941_prom_high_g344	true	true	320	16	05-amplicon-reads	06-alt-schemes/06-schemes/	SARS-CoV-2	4.1.5000	09-benchmark/09-bench-all-2	false	false	true
buildCon	5	50	4650	500	285	5700  5415 285 0 0 0	5700 0 5 0 1549   1.43	0.49	2.11	11156	181%	1024	5120	r941_prom_high_g344	false	true	320	16			05-amplicon-reads	06-alt-schemes/06-schemes/	SARS-CoV-2	4.1.5000	09-benchmark/09-bench-all-2	false	false	true
buildCon	5	50	4650	500	285	5700  5415 285 0 0 0	5691 6 6 3 1253   630.78	101.48	613.12	399968	113%	1024	5120	r941_prom_high_g344	true	false	320	16	05-amplicon-reads	06-alt-schemes/06-schemes/	SARS-CoV-2	4.1.5000	09-benchmark/09-bench-all-2	false	false	true
Lilo	5	50	4650	500	285	5700  5415 285 0 0 0	5700 0 547 0 924   219.56	32.01	448.10	400856	218%	1024	5120	r941_prom_high_g344	true	false	NA	NA	05-amplicon-reads	06-alt-schemes/06-schemes/	SARS-CoV-2	4.1.5000	09-benchmark/09-bench-all-2	true	false	false
Lilo	5	50	4650	500	285	5700  5415 285 0 0 0	5700 0 5 0 924   219.56	32.01	448.10	400856	218%	1024	5120	r941_prom_high_g344	true	false	NA	NA	05-amplicon-reads	06-alt-schemes/06-schemes/	SARS-CoV-2	4.1.5000	09-benchmark/09-bench-all-2	false	true	false
Lilo	5	50	4650	500	285	5700  5415 285 0 0 0	5700 0 7 0 929   219.56	32.01	448.10	400856	218%	1024	5120	r941_prom_high_g344	true	false	NA	NA	05-amplicon-reads	06-alt-schemes/06-schemes/	SARS-CoV-2	4.1.5000	09-benchmark/09-bench-all-2	false	false	true
artic	5	50	4650	1000	570	5700  5132 567 1 1 0	5686 14 1 0 961   50.90	3.43	50.54	387288	106%	1024	5120	r941_prom_high_g344	true	false	NA	NA	05-amplicon-reads	06-alt-schemes/06-schemes/	SARS-CoV-2	4.1.5000	09-benchmark/09-bench-all-2	true	false	false
buildCon	5	50	4650	1000	570	5700  5132 567 1 1 0	5699 1 4 0 1559   523.51	85.42	509.56	400228	113%	1024	5120	r941_prom_high_g344	true	true	320	16	05-amplicon-reads	06-alt-schemes/06-schemes/	SARS-CoV-2	4.1.5000	09-benchmark/09-bench-all-2	false	false	true
buildCon	5	50	4650	1000	570	5700  5132 567 1 1 0	5690 7 17 3 1295   1.21	0.40	1.78	13288	179%	1024	5120	r941_prom_high_g344	false	true	320	16			05-amplicon-reads	06-alt-schemes/06-schemes/	SARS-CoV-2	4.1.5000	09-benchmark/09-bench-all-2	false	false	true
buildCon	5	50	4650	1000	570	5700  5132 567 1 1 0	5699 1 4 0 1559   514.76	85.35	500.71	400028	113%	1024	5120	r941_prom_high_g344	true	false	320	16	05-amplicon-reads	06-alt-schemes/06-schemes/	SARS-CoV-2	4.1.5000	09-benchmark/09-bench-all-2	false	false	true
Lilo	5	50	4650	1000	570	5700  5132 567 1 1 0	5700 0 423 0 1256   213.13	31.13	429.86	399076	216%	1024	5120	r941_prom_high_g344	true	false	NA	NA	05-amplicon-reads	06-alt-schemes/06-schemes/	SARS-CoV-2	4.1.5000	09-benchmark/09-bench-all-2	true	false	false
Lilo	5	50	4650	1000	570	5700  5132 567 1 1 0	5700 0 5 0 1256   213.13	31.13	429.86	399076	216%	1024	5120	r941_prom_high_g344	true	false	NA	NA	05-amplicon-reads	06-alt-schemes/06-schemes/	SARS-CoV-2	4.1.5000	09-benchmark/09-bench-all-2	false	true	false
Lilo	5	50	4650	1000	570	5700  5132 567 1 1 0	5700 0 7 0 1269   213.13	31.13	429.86	399076	216%	1024	5120	r941_prom_high_g344	true	false	NA	NA	05-amplicon-reads	06-alt-schemes/06-schemes/	SARS-CoV-2	4.1.5000	09-benchmark/09-bench-all-2	false	false	true
artic	5	50	4650	0	0	11800 0 0  0  0 0	11800 0 0 0 1248   85.51	3.55	85.39	391344	104%	1024	5120	r941_prom_high_g344	true	false	NA	NA	05-amplicon-reads	06-alt-schemes/06-schemes/	SARS-CoV-2	4.1.11000	09-benchmark/09-bench-all-2	true	false	false
buildCon	5	50	4650	0	0	11800 0 0  0  0 0	11799 0 9 1 1269   1640.76	265.04	1595.10	401288	113%	1024	5120	r941_prom_high_g344	true	true	320	16	05-amplicon-reads	06-alt-schemes/06-schemes/	SARS-CoV-2	4.1.11000	09-benchmark/09-bench-all-2	false	false	true
buildCon	5	50	4650	0	0	11800 0 0  0  0 0	11793 5 16 2 2083   2.82	0.95	4.31	13896	186%	1024	5120	r941_prom_high_g344	false	true	320	16			05-amplicon-reads	06-alt-schemes/06-schemes/	SARS-CoV-2	4.1.11000	09-benchmark/09-bench-all-2	false	false	true
buildCon	5	50	4650	0	0	11800 0 0  0  0 0	11799 0 9 1 1269   1625.37	262.93	1581.34	400544	113%	1024	5120	r941_prom_high_g344	true	false	320	16	05-amplicon-reads	06-alt-schemes/06-schemes/	SARS-CoV-2	4.1.11000	09-benchmark/09-bench-all-2	false	false	true
Lilo	5	50	4650	0	0	11800 0 0  0  0 0	11800 0 1637 0 1206   329.20	46.66	750.45	403464	242%	1024	5120	r941_prom_high_g344	true	false	NA	NA	05-amplicon-reads	06-alt-schemes/06-schemes/	SARS-CoV-2	4.1.11000	09-benchmark/09-bench-all-2	true	false	false
Lilo	5	50	4650	0	0	11800 0 0  0  0 0	11800 0 12 0 1206   329.20	46.66	750.45	403464	242%	1024	5120	r941_prom_high_g344	true	false	NA	NA	05-amplicon-reads	06-alt-schemes/06-schemes/	SARS-CoV-2	4.1.11000	09-benchmark/09-bench-all-2	false	true	false
Lilo	5	50	4650	0	0	11800 0 0  0  0 0	11800 0 14 0 1211   329.20	46.66	750.45	403464	242%	1024	5120	r941_prom_high_g344	true	false	NA	NA	05-amplicon-reads	06-alt-schemes/06-schemes/	SARS-CoV-2	4.1.11000	09-benchmark/09-bench-all-2	false	false	true
artic	5	50	4650	100	118	11800  11682 118 0 0 0	11800 0 1 0 1248   87.23	3.37	87.30	391616	103%	1024	5120	r941_prom_high_g344	true	false	NA	NA	05-amplicon-reads	06-alt-schemes/06-schemes/	SARS-CoV-2	4.1.11000	09-benchmark/09-bench-all-2	true	false	false
buildCon	5	50	4650	100	118	11800  11682 118 0 0 0	11799 0 9 1 1279   1620.71	262.75	1576.93	403084	113%	1024	5120	r941_prom_high_g344	true	true	320	16	05-amplicon-reads	06-alt-schemes/06-schemes/	SARS-CoV-2	4.1.11000	09-benchmark/09-bench-all-2	false	false	true
buildCon	5	50	4650	100	118	11800  11682 118 0 0 0	11792 6 18 2 2069   2.85	0.86	4.48	11848	187%	1024	5120	r941_prom_high_g344	false	true	320	16			05-amplicon-reads	06-alt-schemes/06-schemes/	SARS-CoV-2	4.1.11000	09-benchmark/09-bench-all-2	false	false	true
buildCon	5	50	4650	100	118	11800  11682 118 0 0 0	11799 0 9 1 1279   1620.07	262.61	1576.33	400936	113%	1024	5120	r941_prom_high_g344	true	false	320	16	05-amplicon-reads	06-alt-schemes/06-schemes/	SARS-CoV-2	4.1.11000	09-benchmark/09-bench-all-2	false	false	true
Lilo	5	50	4650	100	118	11800  11682 118 0 0 0	11800 0 1631 0 1206   331.36	46.46	750.96	401152	240%	1024	5120	r941_prom_high_g344	true	false	NA	NA	05-amplicon-reads	06-alt-schemes/06-schemes/	SARS-CoV-2	4.1.11000	09-benchmark/09-bench-all-2	true	false	false
Lilo	5	50	4650	100	118	11800  11682 118 0 0 0	11800 0 12 0 1206   331.36	46.46	750.96	401152	240%	1024	5120	r941_prom_high_g344	true	false	NA	NA	05-amplicon-reads	06-alt-schemes/06-schemes/	SARS-CoV-2	4.1.11000	09-benchmark/09-bench-all-2	false	true	false
Lilo	5	50	4650	100	118	11800  11682 118 0 0 0	11800 0 13 0 1211   331.36	46.46	750.96	401152	240%	1024	5120	r941_prom_high_g344	true	false	NA	NA	05-amplicon-reads	06-alt-schemes/06-schemes/	SARS-CoV-2	4.1.11000	09-benchmark/09-bench-all-2	false	false	true
artic	5	50	4650	200	236	11800  11564 236 0 0 0	11799 1 1 0 1248   87.27	3.54	87.18	394024	103%	1024	5120	r941_prom_high_g344	true	false	NA	NA	05-amplicon-reads	06-alt-schemes/06-schemes/	SARS-CoV-2	4.1.11000	09-benchmark/09-bench-all-2	true	false	false
buildCon	5	50	4650	200	236	11800  11564 236 0 0 0	11799 1 9 0 1270   1630.21	264.70	1584.52	401584	113%	1024	5120	r941_prom_high_g344	true	true	320	16	05-amplicon-reads	06-alt-schemes/06-schemes/	SARS-CoV-2	4.1.11000	09-benchmark/09-bench-all-2	false	false	true
buildCon	5	50	4650	200	236	11800  11564 236 0 0 0	11791 7 20 2 1773   2.85	0.90	4.46	11628	188%	1024	5120	r941_prom_high_g344	false	true	320	16			05-amplicon-reads	06-alt-schemes/06-schemes/	SARS-CoV-2	4.1.11000	09-benchmark/09-bench-all-2	false	false	true
buildCon	5	50	4650	200	236	11800  11564 236 0 0 0	11799 1 9 0 1583   1604.14	258.48	1560.84	400812	113%	1024	5120	r941_prom_high_g344	true	false	320	16	05-amplicon-reads	06-alt-schemes/06-schemes/	SARS-CoV-2	4.1.11000	09-benchmark/09-bench-all-2	false	false	true
Lilo	5	50	4650	200	236	11800  11564 236 0 0 0	11800 0 1457 0 1206   329.47	46.43	746.65	404476	240%	1024	5120	r941_prom_high_g344	true	false	NA	NA	05-amplicon-reads	06-alt-schemes/06-schemes/	SARS-CoV-2	4.1.11000	09-benchmark/09-bench-all-2	true	false	false
Lilo	5	50	4650	200	236	11800  11564 236 0 0 0	11800 0 12 0 1206   329.47	46.43	746.65	404476	240%	1024	5120	r941_prom_high_g344	true	false	NA	NA	05-amplicon-reads	06-alt-schemes/06-schemes/	SARS-CoV-2	4.1.11000	09-benchmark/09-bench-all-2	false	true	false
Lilo	5	50	4650	200	236	11800  11564 236 0 0 0	11800 0 13 0 1211   329.47	46.43	746.65	404476	240%	1024	5120	r941_prom_high_g344	true	false	NA	NA	05-amplicon-reads	06-alt-schemes/06-schemes/	SARS-CoV-2	4.1.11000	09-benchmark/09-bench-all-2	false	false	true
artic	5	50	4650	500	590	11800  11210 590 0 0 0	11798 2 0 0 1248   91.34	3.49	91.37	394320	103%	1024	5120	r941_prom_high_g344	true	false	NA	NA	05-amplicon-reads	06-alt-schemes/06-schemes/	SARS-CoV-2	4.1.11000	09-benchmark/09-bench-all-2	true	false	false
buildCon	5	50	4650	500	590	11800  11210 590 0 0 0	11800 0 11 0 1269   1579.32	257.02	1535.41	400724	113%	1024	5120	r941_prom_high_g344	true	true	320	16	05-amplicon-reads	06-alt-schemes/06-schemes/	SARS-CoV-2	4.1.11000	09-benchmark/09-bench-all-2	false	false	true
buildCon	5	50	4650	500	590	11800  11210 590 0 0 0	11794 5 20 1 1776   3.00	0.99	4.66	15504	188%	1024	5120	r941_prom_high_g344	false	true	320	16			05-amplicon-reads	06-alt-schemes/06-schemes/	SARS-CoV-2	4.1.11000	09-benchmark/09-bench-all-2	false	false	true
buildCon	5	50	4650	500	590	11800  11210 590 0 0 0	11800 0 11 0 1269   1593.82	257.82	1549.48	400432	113%	1024	5120	r941_prom_high_g344	true	false	320	16	05-amplicon-reads	06-alt-schemes/06-schemes/	SARS-CoV-2	4.1.11000	09-benchmark/09-bench-all-2	false	false	true
Lilo	5	50	4650	500	590	11800  11210 590 0 0 0	11800 0 1457 0 1217   329.51	46.66	749.08	402096	241%	1024	5120	r941_prom_high_g344	true	false	NA	NA	05-amplicon-reads	06-alt-schemes/06-schemes/	SARS-CoV-2	4.1.11000	09-benchmark/09-bench-all-2	true	false	false
Lilo	5	50	4650	500	590	11800  11210 590 0 0 0	11800 0 11 0 1217   329.51	46.66	749.08	402096	241%	1024	5120	r941_prom_high_g344	true	false	NA	NA	05-amplicon-reads	06-alt-schemes/06-schemes/	SARS-CoV-2	4.1.11000	09-benchmark/09-bench-all-2	false	true	false
Lilo	5	50	4650	500	590	11800  11210 590 0 0 0	11800 0 12 0 1224   329.51	46.66	749.08	402096	241%	1024	5120	r941_prom_high_g344	true	false	NA	NA	05-amplicon-reads	06-alt-schemes/06-schemes/	SARS-CoV-2	4.1.11000	09-benchmark/09-bench-all-2	false	false	true
artic	5	50	4650	1000	1180	11800  10631 1163 6 6 0	11794 6 1 0 1292   85.08	3.48	85.00	391940	104%	1024	5120	r941_prom_high_g344	true	false	NA	NA	05-amplicon-reads	06-alt-schemes/06-schemes/	SARS-CoV-2	4.1.11000	09-benchmark/09-bench-all-2	true	false	false
buildCon	5	50	4650	1000	1180	11800  10631 1163 6 6 0	11797 2 8 1 1250   1568.56	256.39	1524.87	400964	113%	1024	5120	r941_prom_high_g344	true	true	320	16	05-amplicon-reads	06-alt-schemes/06-schemes/	SARS-CoV-2	4.1.11000	09-benchmark/09-bench-all-2	false	false	true
buildCon	5	50	4650	1000	1180	11800  10631 1163 6 6 0	11797 3 21 0 1262   2.62	0.76	4.16	13564	188%	1024	5120	r941_prom_high_g344	false	true	320	16			05-amplicon-reads	06-alt-schemes/06-schemes/	SARS-CoV-2	4.1.11000	09-benchmark/09-bench-all-2	false	false	true
buildCon	5	50	4650	1000	1180	11800  10631 1163 6 6 0	11797 2 8 1 1250   1557.86	255.59	1515.11	400168	113%	1024	5120	r941_prom_high_g344	true	false	320	16	05-amplicon-reads	06-alt-schemes/06-schemes/	SARS-CoV-2	4.1.11000	09-benchmark/09-bench-all-2	false	false	true
Lilo	5	50	4650	1000	1180	11800  10631 1163 6 6 0	11759 20 1552 21 1728   319.87	45.56	725.63	401120	241%	1024	5120	r941_prom_high_g344	true	false	NA	NA	05-amplicon-reads	06-alt-schemes/06-schemes/	SARS-CoV-2	4.1.11000	09-benchmark/09-bench-all-2	true	false	false
Lilo	5	50	4650	1000	1180	11800  10631 1163 6 6 0	11759 20 350 21 1728   319.87	45.56	725.63	401120	241%	1024	5120	r941_prom_high_g344	true	false	NA	NA	05-amplicon-reads	06-alt-schemes/06-schemes/	SARS-CoV-2	4.1.11000	09-benchmark/09-bench-all-2	false	true	false
Lilo	5	50	4650	1000	1180	11800  10631 1163 6 6 0	11800 0 13 0 1502   319.87	45.56	725.63	401120	241%	1024	5120	r941_prom_high_g344	true	false	NA	NA	05-amplicon-reads	06-alt-schemes/06-schemes/	SARS-CoV-2	4.1.11000	09-benchmark/09-bench-all-2	false	false	true
artic	5	50	4650	0	0	29903 0 0  0  0 0	29889 3 0 11 2287   213.85	3.86	214.51	937796	102%	1024	5120	r941_prom_high_g344	true	false	NA	NA	05-amplicon-reads	06-alt-schemes/06-schemes/	SARS-CoV-2	4.1	09-benchmark/09-bench-all-2	true	false	false
buildCon	5	50	4650	0	0	29903 0 0  0  0 0	29887 5 21 11 2017   4425.77	698.94	4308.85	401072	113%	1024	5120	r941_prom_high_g344	true	true	320	16	05-amplicon-reads	06-alt-schemes/06-schemes/	SARS-CoV-2	4.1	09-benchmark/09-bench-all-2	false	false	true
buildCon	5	50	4650	0	0	29903 0 0  0  0 0	29883 8 34 12 2066   7.53	1.99	13.25	17472	202%	1024	5120	r941_prom_high_g344	false	true	320	16			05-amplicon-reads	06-alt-schemes/06-schemes/	SARS-CoV-2	4.1	09-benchmark/09-bench-all-2	false	false	true
buildCon	5	50	4650	0	0	29903 0 0  0  0 0	29887 5 21 11 2017   4382.51	699.02	4264.24	401880	113%	1024	5120	r941_prom_high_g344	true	false	320	16	05-amplicon-reads	06-alt-schemes/06-schemes/	SARS-CoV-2	4.1	09-benchmark/09-bench-all-2	false	false	true
Lilo	5	50	4650	0	0	29903 0 0  0  0 0	29887 6 3801 10 2622   658.26	88.49	1652.87	409956	264%	1024	5120	r941_prom_high_g344	true	false	NA	NA	05-amplicon-reads	06-alt-schemes/06-schemes/	SARS-CoV-2	4.1	09-benchmark/09-bench-all-2	true	false	false
Lilo	5	50	4650	0	0	29903 0 0  0  0 0	29887 6 26 10 2622   658.26	88.49	1652.87	409956	264%	1024	5120	r941_prom_high_g344	true	false	NA	NA	05-amplicon-reads	06-alt-schemes/06-schemes/	SARS-CoV-2	4.1	09-benchmark/09-bench-all-2	false	true	false
Lilo	5	50	4650	0	0	29903 0 0  0  0 0	29887 6 30 10 2637   658.26	88.49	1652.87	409956	264%	1024	5120	r941_prom_high_g344	true	false	NA	NA	05-amplicon-reads	06-alt-schemes/06-schemes/	SARS-CoV-2	4.1	09-benchmark/09-bench-all-2	false	false	true
artic	5	50	4650	100	299	29903  29604 299 0 0 0	29887 5 0 11 2287   214.61	4.09	215.06	937804	102%	1024	5120	r941_prom_high_g344	true	false	NA	NA	05-amplicon-reads	06-alt-schemes/06-schemes/	SARS-CoV-2	4.1	09-benchmark/09-bench-all-2	true	false	false
buildCon	5	50	4650	100	299	29903  29604 299 0 0 0	29887 5 22 11 2017   4416.12	697.43	4300.27	401488	113%	1024	5120	r941_prom_high_g344	true	true	320	16	05-amplicon-reads	06-alt-schemes/06-schemes/	SARS-CoV-2	4.1	09-benchmark/09-bench-all-2	false	false	true
buildCon	5	50	4650	100	299	29903  29604 299 0 0 0	29883 8 36 12 2066   7.50	2.10	13.11	13556	202%	1024	5120	r941_prom_high_g344	false	true	320	16			05-amplicon-reads	06-alt-schemes/06-schemes/	SARS-CoV-2	4.1	09-benchmark/09-bench-all-2	false	false	true
buildCon	5	50	4650	100	299	29903  29604 299 0 0 0	29887 5 22 11 2017   4390.98	700.67	4271.48	401808	113%	1024	5120	r941_prom_high_g344	true	false	320	16	05-amplicon-reads	06-alt-schemes/06-schemes/	SARS-CoV-2	4.1	09-benchmark/09-bench-all-2	false	false	true
Lilo	5	50	4650	100	299	29903  29604 299 0 0 0	29887 6 3794 10 2622   653.94	89.10	1648.86	409212	265%	1024	5120	r941_prom_high_g344	true	false	NA	NA	05-amplicon-reads	06-alt-schemes/06-schemes/	SARS-CoV-2	4.1	09-benchmark/09-bench-all-2	true	false	false
Lilo	5	50	4650	100	299	29903  29604 299 0 0 0	29887 6 26 10 2622   653.94	89.10	1648.86	409212	265%	1024	5120	r941_prom_high_g344	true	false	NA	NA	05-amplicon-reads	06-alt-schemes/06-schemes/	SARS-CoV-2	4.1	09-benchmark/09-bench-all-2	false	true	false
Lilo	5	50	4650	100	299	29903  29604 299 0 0 0	29887 6 30 10 2641   653.94	89.10	1648.86	409212	265%	1024	5120	r941_prom_high_g344	true	false	NA	NA	05-amplicon-reads	06-alt-schemes/06-schemes/	SARS-CoV-2	4.1	09-benchmark/09-bench-all-2	false	false	true
artic	5	50	4650	200	598	29903  29305 598 0 0 0	29886 7 0 10 2287   222.18	4.09	222.71	940000	102%	1024	5120	r941_prom_high_g344	true	false	NA	NA	05-amplicon-reads	06-alt-schemes/06-schemes/	SARS-CoV-2	4.1	09-benchmark/09-bench-all-2	true	false	false
